text,intent
what is the big bang,chat
find high protein foods,search
play nafe smallz,play
shut down now,stop
play led zeppelin,play
why do we dream,chat
put the weeknd on please,play
look up flights to tokyo,search
play dave,play
play rihanna,play
look up breathing exercises,search
put god's plan on,play
open up steam,open
what is ethics,chat
what is depression,chat
get spotify up,open
explain deep learning,chat
boot up steam,open
do you have feelings,chat
take a break,stop
search for pytorch tutorial,search
what day is it,chat
what is the meaning of life,chat
show me steam,open
play pink floyd,play
open hacker news,open
please play ed sheeran,play
hey jarvis,chat
power off now,stop
play some shoegaze,play
logging off,stop
find me some cats,search
what is a transformer model,chat
start up google,open
launch the client,open
go idle,stop
play headie one,play
go to reddit,open
go to the store,open
look up react native guide,search
hit me with some hip hop,play
open social media,open
would you open youtube,open
run spotify,open
find react tutorial,search
play a random song,play
launch my browser,open
what are dreams,chat
play frank ocean,play
show me google,open
google lofi music,search
start excel,open
k bye,stop
open github,open
search for physics concepts,search
play focus music,play
define algorithm,chat
play some jazz,play
i'm done,stop
play the chainsmokers,play
look up pixel phone price,search
look up modern art,search
open my editor,open
play queen,play
search for photoshop tutorial,search
hit me with some rock,play
i want to hear taylor swift,play
play beyonce,play
talk to me,chat
disable jarvis,stop
play bonobo,play
open the terminal,open
get google up,open
turn off now,stop
play driving music,play
what are you made of,chat
play harry styles,play
explain gravity,chat
launch the browser,open
what are your capabilities,chat
open my ide,open
i need to open steam,open
play kanye,play
what is nihilism,chat
do a search for quantum physics,search
open reddit,open
play vince staples,play
we're done for now,stop
play thriller,play
signing out,stop
look up how to learn mandarin,search
start facebook,open
put beyonce on please,play
inspire me,chat
open control panel,open
entertain me,chat
open the database,open
play schoolboy q,play
farewell jarvis,stop
play one direction,play
could you look up cats,search
adios,stop
that's a wrap,stop
find jazz music,search
what is a neural network,chat
open the streaming app,open
play afternoon music,play
all done now,stop
is it going to rain,chat
conversation over,stop
search for vue js guide,search
play giggs,play
find quantum physics,search
what is the multiverse,chat
ok all done,stop
open the dashboard,open
tell me a fact,chat
play jay z,play
play some post rock,play
what is the subconscious,chat
that's it for today,stop
open the client,open
find images of dogs,search
play adele,play
what do you think,chat
that's all,stop
play flume,play
do you agree,chat
take me to youtube,open
play aitch,play
play digga d,play
play avicii,play
find chemistry basics,search
who is kant,chat
find history of the ottoman empire,search
play marshmello,play
i feel like some rock,play
what is recursion,chat
launch skype,open
play lil peep,play
play olivia rodrigo,play
is determinism true,chat
bring up steam,open
i want to hear some eminem,play
find travel destinations,search
find latest tech news,search
dormant mode,stop
look up the weather,search
queue music,play
i'm out,stop
suspend jarvis,stop
what is a black hole,chat
i feel like listening to music,play
how do i get better at coding,chat
find that for me,search
close,stop
farewell,stop
tell me something interesting,chat
please play dua lipa,play
good night,stop
i need you to look up cats,search
over and out,stop
look up basketball scores,search
play something relaxing,play
run discord,open
search for world cup results,search
play frank sinatra,play
open excel,open
do a search for cats,search
i want to listen to some adele,play
play a playlist,play
play some edm,play
search for healthy meals,search
start playing god's plan,play
play a mix of songs,play
what is relativity,chat
can you think,chat
i'm done for today,stop
we're finished,stop
start vscode,open
tell me something wise,chat
open my portfolio,open
tell me a joke,chat
search for how to cook pasta,search
play some dubstep,play
show me reddit,open
stepping out,stop
can you open youtube,open
play me god's plan,play
play night music,play
find leetcode problems,search
queue up god's plan,play
exit,stop
what is artificial intelligence,chat
what is an lstm,chat
search for history of rome,search
give me a fun fact,chat
i want to hear some beyonce,play
search dogs,search
end now,stop
nothing more for now,stop
ciao,stop
can you play lofi,play
alright all done,stop
thank you goodbye,stop
open outlook,open
how does memory work,chat
what is your purpose,chat
find the meaning of ephemeral,search
launch my email,open
search for premiere pro tutorial,search
i want to listen to drake,play
search for meditation techniques,search
what is the tallest mountain,chat
how old is the universe,chat
play we are the people,play
pull up steam,open
search for tennis results,search
what is anarchism,chat
play something good,play
run youtube,open
play chance the rapper,play
open zoom,open
find go programming tutorial,search
search for bbc news,search
find gyms nearby,search
open my project,open
look up hip hop history,search
cancel jarvis,stop
play david bowie,play
i want to hear some ed sheeran,play
log out,stop
what is an integral,chat
completed,stop
power down,stop
play tinchy stryder,play
hasta la vista,stop
start powershell,open
job done,stop
launch the server,open
open steam,open
okay goodbye,stop
that will be all,stop
how are you doing,chat
open word,open
play smells like teen spirit,play
hit me with some lofi,play
what is cognitive dissonance,chat
find software architecture,search
play some electronic music,play
search for images of cats,search
cheers bye,stop
what is consciousness,chat
night,stop
play plan b,play
what is a vector,chat
throw on some hip hop,play
fire up youtube,open
start teams,open
i need advice,chat
would you look up cats,search
launch teams,open
look up svelte documentation,search
search for sports news today,search
hey find me quantum physics,search
what's up,chat
offline,stop
i want to go to google,open
play rock for me,play
youtube please,open
what is calculus,chat
standby,stop
play travis scott,play
goodbye,stop
how to learn faster,chat
stop it,stop
find python tutorials,search
look up brutalist buildings,search
never mind,stop
take me to steam,open
find how to solve this problem,search
play metal,play
look up transformer architecture,search
i'm leaving,stop
play zayn,play
going offline,stop
play cher lloyd,play
what is adhd,chat
search for crypto prices,search
run a search for cats,search
look up online courses,search
find the weather forecast,search
look up the news,search
i need you to stop,stop
do you have a name,chat
task complete,stop
find youtube videos about,search
open the internet,open
who is aristotle,chat
i need to go to reddit,open
i want to search for lofi music,search
play some folk,play
open my calendar,open
deactivate,stop
that's it for now,stop
play sway,play
until next time,stop
play a mix of music,play
what is critical thinking,chat
play party music,play
look up mechanical keyboards,search
what's a good quote,chat
hit me with some jazz,play
who is the president,chat
i have a question,chat
wrap it up,stop
open settings,open
find wireless headphones,search
open the debugger,open
play lose yourself,play
play kano,play
what is lucid dreaming,chat
play some trance,play
find sports scores,search
enough,stop
play jazz music for me,play
play lil uzi vert,play
bye,stop
what do you suggest,chat
what are you,chat
look up low carb diet,search
please play lofi,play
what is quantum entanglement,chat
stop everything,stop
nothing else,stop
look up world war two,search
start playing lofi,play
play some lofi for me,play
ok bye,stop
turn off jarvis,stop
open my pictures,open
look up airpods pro review,search
how do you say thank you in spanish,chat
play some noise music,play
find restaurants near me,search
this is where i get off,stop
what is creativity,chat
search for gyms near me,search
play harry styles please,play
shut down,stop
pull up google,open
terminate jarvis,stop
launch steam,open
find wimbledon results,search
go to amazon,open
you can stop now,stop
what is dark matter,chat
go to my email,open
play wiley,play
find breaking news,search
play gunna,play
signing off,stop
can you start spotify,open
bring up spotify,open
what is intuition,chat
run a search for lofi music,search
that should do it,stop
find premier league scores,search
go to hacker news,open
find deep learning tutorial,search
start outlook,open
play bohemian rhapsody,play
how does gps work,chat
play some funk,play
gotta go jarvis,stop
play my playlist,play
open the mail app,open
open the settings app,open
launch hacker news,open
play something classic,play
find freelance opportunities,search
launch the interpreter,open
can you open google,open
look up youtube videos,search
find hotels in paris,search
thanks bye,stop
stop,stop
search for courses online,search
look up pictures of mountains,search
launch the compiler,open
power down jarvis,stop
play post malone,play
find bitcoin price,search
that's enough for now,stop
play classical music,play
open the music app,open
how far is the moon,chat
okay stop,stop
suspend,stop
go to netflix,open
i want to open youtube,open
is there life on mars,chat
how to improve memory,chat
can you learn,chat
cancel,stop
motivate me,chat
are you conscious,chat
how to improve focus,chat
play morning music,play
boot up discord,open
explain stoicism,chat
open my downloads,open
could you launch steam,open
nap time,stop
find angular tutorial,search
cease operations,stop
go to my calendar,open
open my documents,open
nothing more for today,stop
that's it,stop
can you navigate to google,open
session complete,stop
find flutter tutorial,search
open task manager,open
can you stop,stop
play some ska,play
open the store,open
stop jarvis,stop
fire up spotify,open
help me decide,chat
cancel now,stop
i feel like some jazz,play
stepping away,stop
play meditation music,play
launch notepad,open
go to the news,open
search for machine learning,search
look up davinci resolve tutorial,search
open up discord,open
go to my social media,open
find samsung galaxy price,search
play the weekend,play
i'm bored,chat
close jarvis,stop
play little simz,play
nevermind,stop
you're dismissed,stop
get discord up,open
play metallica,play
rest jarvis,stop
search for the news,search
let's chat,chat
i think i'm done,stop
we're good,stop
open spotify,open
what is euler's number,chat
i want to hear some billie eilish,play
look up pasta recipes,search
play me some music,play
explain matrices,chat
shut down jarvis,stop
play logic,play
start bash,open
play a mix of jazz,play
tell me about the roman empire,chat
turn off,stop
search for best gaming mouse,search
what do you know,chat
start maps,open
who invented the internet,chat
how to read faster,chat
put eminem on please,play
stop all,stop
please look up cats,search
play some trap music,play
launch the store,open
can you take me to steam,open
look up existentialism,search
play some avant garde,play
find movie reviews,search
later,stop
would you stop,stop
find the best tv,search
what is justice,chat
who is locke,chat
search the internet for cats,search
go to twitch,open
look up samsung 990 pro,search
start the terminal,open
launch control panel,open
what is confirmation bias,chat
play brockhampton,play
what is communism,chat
exit now,stop
thanks jarvis goodbye,stop
abort everything,stop
halt,stop
could you start spotify,open
peace,stop
play taylor swift,play
what is anxiety,chat
play the beatles,play
look up trending repos,search
kk bye,stop
play example,play
mission accomplished,stop
work complete,stop
play some ambient,play
search for symptoms of flu,search
go to github,open
find kubernetes guide,search
sleep,stop
start skype,open
search for blender tutorial,search
explain machine learning,chat
throw on some music,play
please play taylor swift,play
search for cats,search
sayonara jarvis,stop
start github,open
done for now,stop
look up visa for canada,search
launch the debugger,open
steam please,open
play some techno,play
play skepta,play
please play eminem,play
search for open source projects,search
look up regex patterns,search
google cats,search
go to sleep,stop
start playing some music,play
fire up discord,open
what makes you different,chat
ok jarvis goodbye,stop
play background music,play
explain photosynthesis,chat
search for swift programming,search
play jessie j,play
go to rest,stop
can you help me,chat
play gaming music,play
who said that,chat
go dormant,stop
open up google,open
launch linkedin,open
right stop,stop
dismissed,stop
look up graphql documentation,search
play niall horan,play
find cnn latest news,search
can you search for lofi music,search
fire up netflix,open
close everything,stop
no more for today,stop
copy that done,stop
load steam,open
i think we're done,stop
what is neuroplasticity,chat
search for the definition of entropy,search
all finished,stop
can you play ed sheeran please,play
find renaissance paintings,search
what's your name,chat
find the best headphones,search
play hip hop,play
search quantum physics,search
gotta go,stop
search for the weather today,search
search for workout routines,search
search for philosophy of mind,search
launch my editor,open
open amazon,open
enough for today,stop
launch gmail,open
i need to find quantum physics,search
play louis tomlinson,play
take me to google,open
how much sleep do i need,chat
play the playlist,play
i'm all good,stop
play anne marie,play
launch the news,open
kill the program,stop
what's the capital of japan,chat
play denzel curry,play
launch powershell,open
job complete,stop
can you search for lofi music,search
hey start spotify for me,open
launch outlook,open
launch zoom,open
what's the temperature outside,chat
play billie jean,play
launch my ide,open
play some math rock,play
we're done,stop
open calculator,open
can you open discord,open
open the video app,open
go on standby,stop
stand down jarvis,stop
i feel like some hip hop,play
that's enough for today,stop
how does evolution work,chat
launch bash,open
find lofi music,search
are you better than google assistant,chat
play some punk,play
launch excel,open
play mac miller,play
play something random,play
would you search for lofi music,search
play some drone music,play
search for api documentation,search
what is pi,chat
open bash,open
run steam,open
search for programming jobs,search
find stock prices,search
launch ebay,open
please play adele,play
what movies are good,chat
i need help,chat
enough jarvis,stop
load spotify,open
search the web for lofi music,search
what is schizophrenia,chat
are you intelligent,chat
what is sleep for,chat
put a song on,play
play me lofi,play
hit me with some music,play
i want to look up cats,search
are you better than alexa,chat
look up al jazeera news,search
play young thug,play
i'm stressed,chat
deactivate jarvis,stop
play bad bunny,play
how to be more productive,chat
let's talk,chat
play weeknd,play
play upbeat music,play
open maps,open
bring up google,open
close it all,stop
play shower music,play
show me youtube,open
look up noise cancelling headphones,search
kill it now,stop
please open youtube,open
launch wikipedia,open
i'm tired,chat
play some flamenco,play
find bash scripting guide,search
play some blues,play
launch the internet,open
look up nextjs documentation,search
hey launch steam for me,open
can you play the weeknd please,play
abort now,stop
open google,open
play coldplay,play
open linkedin,open
fine goodbye,stop
google quantum physics,search
leaving now,stop
play ac dc,play
look up best monitors,search
put drake on please,play
finished,stop
open instagram,open
can you play drake please,play
put on some music,play
play central cee,play
open that browser,open
search for restaurants nearby,search
what's the weather like,chat
start zoom,open
what's the definition of entropy,chat
look up restaurants nearby,search
yeah all done,stop
mission complete,stop
hey look up cats,search
play a song,play
open my browser,open
look up movie reviews,search
i'm heading out,stop
look up verge news,search
search for youtube videos,search
find resources to learn spanish,search
look up sports scores,search
what happens during sleep,chat
what is existentialism,chat
search for f1 results,search
can you go to youtube,open
look up quantum physics,search
find machine learning resources,search
kill the app,stop
launch my documents,open
look up hotels in paris,search
what is emotional intelligence,chat
look up how to install python,search
are you better than siri,chat
what is backpropagation,chat
hibernate,stop
open powerpoint,open
what's the capital of france,chat
play a mix of lofi,play
search for javascript tutorial,search
night jarvis,stop
what is innovation,chat
how are you,chat
what is the unconscious mind,chat
search for statistics basics,search
play jpegmafia,play
you're dismissed jarvis,stop
who is freud,chat
play rolling stones,play
say something funny,chat
play slowthai,play
play ed sheeran,play
look up cats,search
what does ephemeral mean,chat
open discord,open
dismiss jarvis,stop
get youtube up,open
search for neural networks,search
please play some music,play
play juice wrld,play
alright bye,stop
play workout music,play
what is bipolar disorder,chat
play despacito,play
can you find me quantum physics,search
would you start spotify,open
search for rust programming,search
do we have free will,chat
stop what you're doing,stop
can you play beyonce please,play
all done,stop
terminate,stop
power off,stop
say something wise,chat
can you play taylor swift,play
what is cognitive bias,chat
play nujabes,play
is there objective morality,chat
what is quantum computing,chat
look up godot tutorial,search
what are logical fallacies,chat
search for unity tutorial,search
look up python tutorials,search
play Alexandra burke,play
find flights to tokyo,search
launch the app store,open
i want to listen to some weeknd,play
can you play adele please,play
open gmail,open
how does a computer work,chat
play the next song,play
please play god's plan,play
play j dilla,play
queue up some lofi,play
start discord,open
play sad music,play
spotify please,open
look up the definition of algorithm,search
launch my videos,open
see you later,stop
so long jarvis,stop
session over,stop
look up gyms near me,search
please play drake,play
open twitch,open
open chrome,open
search for tech news today,search
put on god's plan,play
play polo g,play
that's enough,stop
go to stack overflow,open
launch telegram,open
look up cinema 4d guide,search
throw on some jazz,play
queue a song,play
what is the population of china,chat
good night jarvis,stop
what can you do,chat
play radiohead,play
go to my portfolio,open
open new tab,open
look up stretching routines,search
who is descartes,chat
what is an algorithm,chat
play cooking music,play
play m huncho,play
ok i'm done,stop
open music,open
find mindfulness exercises,search
start amazon,open
see you later jarvis,stop
go to my messages,open
go to gmail,open
open up spotify,open
i'm hungry,chat
open the browser,open
play dua lipa,play
look up scikit learn documentation,search
who is marx,chat
look up fastapi documentation,search
find express js guide,search
going now,stop
start spotify,open
i need you to search for lofi,search
look up how to treat a cold,search
what is absurdism,chat
pull up spotify,open
hey,chat
so long,stop
i gotta go,stop
load youtube,open
open the app store,open
what is eq,chat
conversation done,stop
run chrome,open
search online for quantum physics,search
search for book recommendations,search
please find quantum physics,search
that will be all jarvis,stop
how to speak better,chat
play running music,play
what games should i play,chat
hibernate jarvis,stop
find me recipes for pasta,search
play deadmau5,play
go online,open
idle mode,stop
open my videos,open
search for node js tutorial,search
launch the database,open
play some indie,play
search for python tutorials,search
okay shut down,stop
search for movie reviews,search
open notepad,open
what's the largest country,chat
what is string theory,chat
run a search for quantum physics,search
what is a strawman argument,chat
hey open google for me,open
okay bye,stop
hi jarvis,chat
close now,stop
play something upbeat,play
open the dev tools,open
what should i do,chat
open the compiler,open
play evening music,play
find tensorflow guide,search
open up youtube,open
play eminem,play
search for samsung tv reviews,search
you are dismissed,stop
start netflix,open
launch file explorer,open
search for flights to tokyo,search
search for rtx 4090 price,search
play some country,play
brb shutting down,stop
go to twitter,open
see ya,stop
adios jarvis,stop
find rest api tutorial,search
play god's plan,play
you can go now,stop
play earl sweatshirt,play
can you play eminem please,play
search for classical music,search
play ariana grande,play
play some r&b,play
end session,stop
search for docker tutorial,search
play asap ferg,play
look up today's headlines,search
dismiss,stop
finish up,stop
launch reddit,open
i feel like hearing some lofi,play
play some drum and bass,play
put lofi on,play
i'm done for now,stop
queue up some music,play
start whatsapp,open
what is the fibonacci sequence,chat
find the best airpods,search
quit it,stop
right shut down,stop
launch my pictures,open
play billie eilish,play
start up youtube,open
what is the deepest ocean,chat
can you look up cats for me,search
would you launch steam,open
what is the dunning kruger effect,chat
can i ask you something,chat
end of session,stop
look up system design,search
play something sad,play
play dizzee rascal,play
what's the time,chat
launch that app,open
look up motogp results,search
put some jazz on,play
take care jarvis,stop
open the server,open
look up lg oled tv,search
play some experimental,play
tell me about space,chat
play kendrick lamar,play
launch cmd,open
fire up steam,open
what would you recommend,chat
what is attention mechanism,chat
cheers jarvis,stop
search for best headphones under 100,search
pause,stop
how to think critically,chat
start paint,open
i don't need you anymore,stop
put on lofi,play
what is the speed of light,chat
find the latest news,search
cheer me up,chat
shut up,stop
start music,open
play study music,play
what is linear algebra,chat
play tyler the creator,play
that should be enough,stop
translate this,chat
start word,open
play some house music,play
hey open youtube for me,open
play shape of you,play
search that up,search
bring up settings,open
search for best laptops,search
find nvme ssd review,search
search for best gaming pc,search
play future,play
look up programming jobs,search
boot up spotify,open
find exercises for back pain,search
what time is it,chat
what is democracy,chat
where are you from,chat
what is regularization,chat
hi,chat
show me netflix,open
au revoir,stop
that should be all,stop
netflix please,open
what's the best laptop for coding,chat
shut it,stop
kill jarvis,stop
who is rousseau,chat
sayonara,stop
search for freelance work,search
bye jarvis,stop
navigate to netflix,open
exit everything,stop
launch my calendar,open
who created you,chat
end this,stop
play something new,play
open ebay,open
what is autism,chat
could you search for lofi music,search
i'm good,stop
explain epicureanism,chat
find programming jobs,search
how does wifi work,chat
please play beyonce,play
what is a prime number,chat
play some grunge,play
launch the dev tools,open
play stormzy,play
play stairway to heaven,play
please stop,stop
all good,stop
no more,stop
who is nietzsche,chat
play meek mill,play
pull up youtube,open
search for sports scores,search
hasta la vista jarvis,stop
search for world news today,search
halt jarvis,stop
play calvin harris,play
could you stop,stop
who is the prime minister,chat
throw on some lofi,play
acknowledged shutting down,stop
at ease,stop
can you play billie eilish please,play
open the admin panel,open
play something,play
play bruno mars,play
play lil baby,play
session ended,stop
play martin garrix,play
play music,play
open skype,open
play me a song,play
search for art history,search
search for visa requirements,search
play that song,play
launch my project,open
yep all done,stop
play dinner music,play
make me laugh,chat
please launch steam,open
look up linear algebra basics,search
play something energetic,play
open the social media,open
take me to netflix,open
navigate to youtube,open
fine shut down,stop
hello jarvis,chat
look up amd rx 7900 xt,search
launch social media,open
i want to listen to some dua lipa,play
conversation ended,stop
i believe we're done,stop
launch instagram,open
open stack overflow,open
find github repositories,search
what is an rnn,chat
play me something good,play
open the maps app,open
how to be more creative,chat
session done,stop
what is a convolutional neural network,chat
take care,stop
cancel everything,stop
put ed sheeran on please,play
launch my portfolio,open
find unreal engine guide,search
play something happy,play
go to sleep jarvis,stop
play happy music,play
search for airpods review,search
play yoga music,play
play hotel california,play
can you play dua lipa please,play
explain the theory of relativity,chat
go to youtube,open
please start spotify,open
play funeral music,play
look up stock prices,search
put adele on please,play
what shows should i watch,chat
find entry requirements for japan,search
alright i'm done,stop
start chrome,open
goodbye jarvis,stop
explain gradient descent,chat
play concentration music,play
open teams,open
start my ide,open
load reddit,open
search for coding challenges,search
play blinding lights,play
look up us open tennis,search
launch the terminal,open
please play billie eilish,play
what is imposter syndrome,chat
search for data structures,search
open netflix,open
find stoic philosophy,search
launch the dashboard,open
end it,stop
how to write better,chat
wrap up,stop
play a mix,play
please open google,open
could you open youtube,open
throw on some rock,play
open vscode,open
find rtx 3080 specs,search
look up freelance work,search
find football results,search
who is jung,chat
i want to listen to music,play
who is socrates,chat
what's your opinion,chat
start twitter,open
open the game launcher,open
sleep jarvis,stop
search for stock prices,search
heading out,stop
play some alternative,play
finish,stop
what is morality,chat
yeah i'm done,stop
abort mission,stop
get steam up,open
please play the weeknd,play
start google,open
launch youtube,open
how do you say hello in french,chat
play classical for me,play
cease,stop
play leona lewis,play
look up biology fundamentals,search
play something chill,play
open the interpreter,open
play lofi music,play
look up figma tutorial,search
open my notes,open
logged off,stop
bring up youtube,open
yep done,stop
who is hume,chat
disable,stop
no more for now,stop
launch word,open
ciao jarvis,stop
play chill music,play
who is plato,chat
play ella henderson,play
launch paint,open
play trippie redd,play
what is an ad hominem,chat
how do i learn python,chat
please search for lofi music,search
find after effects guide,search
start my editor,open
how smart are you,chat
what is natural selection,chat
play roddy ricch,play
open twitter,open
play olly murs,play
open facebook,open
play jess glynne,play
find book recommendations,search
play drake,play
i believe i'm done,stop
open powershell,open
who are you,chat
play some reggae,play
play professor green,play
look up lofi music,search
can you look up cats,search
open a new tab,open
end everything,stop
play asap rocky,play
hello,chat
stop now,stop
do you dream,chat
play diplo,play
give me a quote,chat
look up travel destinations,search
can you play god's plan,play
recommend me a book,chat
can you play some music,play
see you tomorrow,stop
find gothic architecture,search
play sleep music,play
play flatbush zombies,play
play cycling music,play
look up big o notation,search
look up algorithm problems,search
play some soul music,play
task done,stop
abort,stop
look up machine learning,search
open the news,open
open wikipedia,open
we're done for today,stop
how to be more confident,chat
play james arthur,play
play nirvana,play
search for iphone price,search
play wedding music,play
play some bossa nova,play
play tinie tempah,play
i want you to stop,stop
can you lucid dream,chat
open whatsapp,open
what is iq,chat
open my email,open
play skrillex,play
going dark,stop
alright jarvis goodbye,stop
i want you to find quantum physics,search
search for lofi music,search
can you launch steam,open
i want to hear some lofi,play
find maya tutorial,search
open telegram,open
launch settings,open
search for how to fix a bug,search
done,stop
search for architecture styles,search
find algorithms explained,search
search for vim shortcuts,search
roger that done,stop
cool i'm done,stop
what do you think about,chat
explain derivatives,chat
this is where we stop,stop
launch firefox,open
play childish gambino,play
play lethal bizzle,play
play liam payne,play
open my messages,open
could you find quantum physics,search
take me to reddit,open
rest,stop
find formula one standings,search
look that up,search
until next time jarvis,stop
fine stop,stop
start powerpoint,open
start calculator,open
i'm finished with you,stop
launch the admin panel,open
play j cole,play
how to deal with stress,chat
hey open discord for me,open
i want to hear god's plan,play
pause jarvis,stop
cool bye,stop
give me advice,chat
open cmd,open
go to google,open
search for latest iphone,search
play hip hop for me,play
open youtube,open
suggest something,chat
look up nba standings,search
launch my notes,open
play wretch 32,play
google please,open
enough for now,stop
play big sean,play
launch my downloads,open
what is overfitting,chat
search for hotels in paris,search
open paint,open
stand down,stop
over and out jarvis,stop
how old are you,chat
work done,stop
no more commands,stop
navigate to google,open
play xxxtentacion,play
find the best keyboard,search
please open discord,open
what is machine learning,chat
what is free will,chat
look up kotlin tutorial,search
how does bluetooth work,chat
quit everything,stop
play tiesto,play
play labrinth,play
open firefox,open
put some music on,play
how does learning work,chat
open file explorer,open
navigate to twitter,open
can you find quantum physics,search
what's today's date,chat
i think that's all,stop
please stop jarvis,stop
right goodbye,stop
look up ethereum price,search
quit,stop
search for how to learn french,search
play little mix,play
i believe that's all,stop
would you find quantum physics,search
go to steam,open
find online courses,search
what is capitalism,chat
hey search for lofi music,search
find illustrator guide,search
load google,open
what programming language should i learn,chat
how to build discipline,chat
give me a recommendation,chat
ok thanks bye,stop
how does the brain work,chat
start task manager,open
launch twitch,open
launch powerpoint,open
search for design patterns,search
play something old,play
navigate to reddit,open
do a search for lofi music,search
quit now,stop
kill it,stop
launch stack overflow,open
search for travel destinations,search
what is logical reasoning,chat
find probability theory,search
pull up reddit,open
look up book recommendations,search
search for best ssd 2024,search
play playboi carti,play
start cmd,open
play action bronson,play
i'm finished,stop
who is elon musk,chat
later jarvis,stop
play rock music,play
find remedies for headache,search
look up linux commands,search
who made you,chat
tell me about world war two,chat
forget it,stop
what is socialism,chat
